name,bio,age
Bucky,Hannover,15
Flinn,ALBANY,51
Ronnie,TILBURG,66
Wyatan,ST. PAUL,85
Cass,IRVINGTON,80
Windy,COLORADO CITY,58
Bartholomew,Abtsgmünd,8
Jerrine,RICHMOND,15
Cathy,PARIS 07SP,72
Roshelle,COLUMBIA,45
Christy,Praha 4,23
Farica,MINNEAPOLIS,67
Nona,TUPELO,13
Evelyn,Frankfurt am Main,54
Athene,Raciąż,52
Jolyn,NAPOLI,22
Nathaniel,MILANO,50
Cedric,Stuttgart,76
Dolli,Mondsee,34
Cornela,MILANO,28
Haskel,Augsburg,28
Lennie,PITTSBURGH,77
Parry,NAPERVILLE,100
Christian,Kupiškio r. sav. Kupiškio m.,7
Jilli,COVINGTON,10
Arlin,Düsseldorf,8
Modesty,MILANO,26
Kiri,WAYNE,76
Sauncho,BLAIRSVILLE,19
Harmonia,PARIS,80
Hephzibah,NAPERVILLE,34
Pembroke,ONTARIO,22
Evie,TURTON,16
Mervin,PARIS 09,64
Jania,Holstein,10
Winfred,Fjerritslev,21
Gerardo,TORINO,100
Rosemary,SAN ANTONIO,5
Sapphira,ADAMUZ,52
Ferdinanda,Warszawa,32
Conney,CONWAY,73
Coraline,HERMITAGE,93
Pietrek,FORT OGLETHORPE,39
Hortense,Oberwart,28
Gill,Worms,48
Waneta,CHICAGO,84
Morgan,Sofia,3
Winn,Stockholm,66
Vincenty,Hamburg,1
Jedd,PITTSFIELD,36
Georgine,SHELDON,80
Phaidra,Madrid,9
Sherwin,Korneuburg,19
Rodger,Wien,14
Dallon,COWETA,69
Dill,NAPERVILLE,73
Krishna,ALPHA,85
Hedvig,Eisenstadt,9
Andriana,AMSTERDAM,88
Juieta,Düsseldorf,65
Fidel,AMHERST,36
Mirella,GREENSBURG,39
Dayle,MOULTRIE,83
Marja,Aschaffenburg,57
Beverie,KANSAS CITY,76
Burnaby,Erkelenz,54
Shara,BRANSON,13
Rahal,MILANO,72
Howard,Orth/Donau,48
Leena,Bad Kreuznach,68
Bobbi,Kulmbach,68
Iain,GUYANCOURT,7
Aurea,MINNEAPOLIS,20
Harriett,STARKVILLE,83
Otto,Wien,76
Jolene,HERMITAGE,3
Jimmie,Vechta,53
Torie,CLOVERDALE,3
Matelda,MILANO,19
Emelia,Kundl,78
Reynolds,Biberach,93
Elenore,Gescher,73
Arnie,MILANO,21
Gusella,RIMINI,40
Florentia,MACON,33
Lilly,RICHMOND,63
Lief,PARIS,36
Kennie,Dublin,16
Madlin,PITTSBURGH,75
Isis,CORVARA IN BADIA-CORVARA,4
West,PELL CITY,74
Munroe,CINCINNATI,38
Nikaniki,Sofia,92
Dalton,TROYES CEDEX,34
Ethelred,TUPELO,95
Katya,SIOUX FALLS,36
Viva,ONTARIO,57
Myriam,MILANO,62
Priscella,Schmidmühlen,66
Karlik,ROCKPORT,75
Sean,Dublin,90
Kristo,MILANO,83
Ignacio,Frankfurt am Main,64
Lockwood,TULSA,9
Arline,GLASGOW,74
Gaile,SPOKANE,12
Stacee,BUCURESTI,63
Thorn,EVEREST,2
Jodie,MILANO,31
Myca,FARMINGTON,3
Enrika,GORDON,65
Mallorie,GREENSBURG,38
Terese,LAKEWOOD,63
Susie,TERLANO-TERLAN,80
Callie,Brodnica,71
Darill,Leinefelde-Worbis,81
Heinrick,LE CENTER,39
Berget,Bad Berleburg,54
Ezra,Bilbao,80
Felisha,Stockholm,37
Skipton,CONWAY,83
Glenn,HOT SPRINGS,63
Halsey,BELDING,55
Martyn,Schwanewede,59
Alta,'S-HERTOGENBOSCH,41
Waldemar,ITASCA,17
Marcela,AMSTERDAM,34
Richie,MILANO,84
Gerome,Nordkirchen,97
Berna,RICHMOND,44
Klaus,Mainhausen,49
Dulcinea,Jena,31
Shae,HUGO,37
Kendre,Steinach a.Br.,83
Tony,EVANSTON,68
Carl,NEW CASTLE,76
Sybille,Sindelfingen,52
Lotti,Rannungen,59
Ephrayim,PIETRASANTA,11
Carol,RALEIGH,99
Cheslie,Herne,52
Franny,VERSAILLES,63
Correna,COZAD,19
Domingo,MEMPHIS,50
Vincent,BARBOURSVILLE,87
Amalita,LAFAYETTE,100
Lauraine,SAN JUAN,33
Cornelius,CLEVELAND,83
Ezra,TUPELO,53
Karolina,Hannover,42
Joann,MERTZON,91
Kelci,HENRICO,97
Blanche,HUGOTON,22
Keir,TROY,76
Granger,NAPERVILLE,15
Kyla,Butjadingen,72
Wolfgang,MILANO,25
Kipp,CARTURA,31
Milzie,ENGLEWOOD CLIFFS,67
Eleni,Tuttlingen,100
Kimberley,Hess,75
Ike,ROMA,46
Joellen,MILANO,95
Lauren,BIRMINGHAM,49
Sumner,ROMA,17
Minetta,Antwerpen,83
Filippa,MILANO,89
Loretta,WYOMING,28
Marmaduke,SUGAR LAND,34
Ferguson,MAGNOLIA,18
Standford,SPRINGFIELD,36
Mike,HUTCHINSON,96
Marcella,Wicklow,72
Miriam,MINNEAPOLIS,35
Holly,OMAHA,42
Margaretta,WAGONER,6
Andy,Aspang,2
Sybil,AMSTERDAM,19
Ryon,NEWARK,64
Jany,WILLMAR,23
Stephana,MODENA,52
Hortense,Aschheim,18
Milly,GRENOBLE,24
Halsy,DOWNEY,42
Marrissa,CARTHAGE,36
Corissa,Aarhus C,2
Becki,Uelsen,24
Cinnamon,STARKVILLE,38
Bertha,Oldb,15
Thorin,LYNN,49
Sorcha,MADRID,52
Rakel,DETROIT,55
Oliviero,Frankfurt am Main,20
Gene,Graz,59
Scot,LUXEMBOURG,27
Perren,ROCKPORT,54
Tabby,ITASCA,42
Edlin,COVINGTON,100
Lacee,CANTON,80
Kelcey,PARIS,26
Doti,Vilniaus r. sav. Užubaliai,45
Wade,ROMA,33
Myrtice,MILANO,16
Leone,WEBSTER CITY,99
Tomi,MILANO,36
Banky,EL MONTE,13
Clarine,HAZARD,38
Freddi,CAMERON,43
Natty,Meath,59
Von,Hamburg,89
Shannah,LOS ANGELES,62
Sherlock,Riesa,74
Benedicto,HIGH POINT,54
Marcelia,HAZELWOOD,27
Tobi,Großarl,92
Augy,MINNEAPOLIS,27
Marion,HAYWARD,9
Tripp,Passau,37
Stanislas,Rattenberg,17
Archambault,MINNEAPOLIS,25
Adham,Augsburg,21
Ruby,LAKEWOOD,33
Rorke,Mainz a Rhein,85
Mathilde,Brussel,66
Merwin,TUPELO,37
Mikkel,EUREKA SPRINGS,10
Kristoforo,WILLMAR,10
Kiah,PARIS 01,50
Aurea,NEENAH,37
Anjanette,TAMPA,84
Elinore,ROSEMONT,30
Teodoor,BLOOMINGTON,94
Esmeralda,MEMPHIS,83
Bertrand,MORGANFIELD,28
Wait,MILANO,48
Jena,LAKEWOOD,94
Orazio,BLUEFIELD,54
Emmey,BATESVILLE,57
Wes,RICHMOND,79
Woody,JACKSON,55
Erik,Geislingen b Balingen,58
Krystal,Salzburg,52
Ynes,Bonn,76
Marisa,Eurasburg bei Wolfratshausen,83
Hanan,ENGLEWOOD CLIFFS,36
Ethelred,PALO DEL COLLE,25
Sydelle,BYRON,66
Gris,LEWISTON,36
Hans,RICHMOND,15
Wenonah,MCGREGOR,54
Jamaal,Wien,53
Shermie,Bergisch Gladbach,49
Laetitia,Frankfurt (Oder),5
Aldus,LOS ANGELES,79
Burlie,PARIS 01,45
Arlee,ARDMORE,12
Deena,MONTREUIL,71
Kitty,MINNEAPOLIS,92
Dell,MINNEAPOLIS,87
Hana,Vilniaus m. sav. Vilniaus m.,33
Marie,IMOLA,66
Linnet,MINNEAPOLIS,5
Helsa,Frankfurt am Main,10
Leroi,Regensburg,82
Sayre,PITTSBURGH,87
Orly,MONTROUGE,15
Amabel,Betanzos,3
Nataniel,MILANO,28
Merv,Kornwestheim,10
Frank,Meath,97
Shurwood,Steinach a.Br.,37
Jesselyn,TAMPA,3
Zachariah,Kaiserslautern,55
Lars,Altenkunstadt,33
Keeley,PARIS 08,88
Laraine,PITTSBURGH,6
Clarke,CINCINNATI,24
Isidore,Straubing,6
Meade,Landsberg am Lech,81
Ceil,Brussel,57
Gordie,ROMA,11
Vale,SOUTH WINDSOR,5
Ewell,Sliema,10
Jamal,RICHMOND,66
Damien,Dublin,32
Kelcey,THREE RIVERS,38
Eddy,Meßstetten,35
Clerissa,SANTA FE,92
Clementine,Donnerskirchen,45
Shela,ROSEMONT,85
Xylina,SUGAR LAND,66
Lilian,Borås,81
Isak,ORANGEBURG,85
Carmelina,Dublin,48
Mareah,Potsdam,42
Emilee,WEST PALM BEACH,69
Delano,Geretsberg,20
Riley,NAPERVILLE,74
Laurella,Innsbruck,4
Skip,MINNEAPOLIS,82
Donnie,Cork,16
Thea,CHAMBERY CEDEX,26
Fonsie,PINE BLUFF,97
Edin,Lutherstadt Wittenberg,68
Osgood,TUPELO,33
Marita,CHAMPAIGN,94
Kamilah,MILANO,57
Clerc,HICKSVILLE,40
Heidie,MILANO,4
Germain,MILANO,33
Beatriz,NEW ORLEANS,38
Sybyl,MILANO,83
Annmarie,ST. PAUL,92
Hubie,PARIS,31
Bonita,MILANO,26
Kellia,SENECA,95
Forest,Krefeld,63
Emilia,BLAIRSVILLE,9
Donnell,Kildare,77
Yasmeen,Antwerpen,33
Aurlie,NIORT CEDEX 9,70
Nappy,CANTON,34
Marlo,BATESVILLE,46
Madelle,MINNEAPOLIS,10
Nicko,LUXEMBOURG,26
Curry,MILANO,70
Luigi,LYNN,40
Zeb,MONTICELLO,19
Berget,HELSINKI,14
Nadya,Berlin,64
Ira,RICHMOND,34
Horatia,MILANO,61
Brittany,TORINO,41
Lilla,HIAWATHA,45
Timothea,AZZANO DECIMO,92
Vincents,POISSY Cedex,64
Etta,RICHMOND,92
Esta,Laa a.d. Thaya,20
Aleece,NEW CASTLE,24
Kerry,Floß,80
Emilee,Kraków,12
Armin,CINCINNATI,91
Susanetta,Baunatal,93
Jorey,Gänserndorf,93
Brana,BROWNSTOWN,64
Vida,PITTSBURGH,54
Rayna,LABEGE CEDEX,96
Dedie,MOULTRIE,4
Eleonora,Kelheim,31
Riane,PARIS 13,45
Torrance,MILANO,10
Amalia,Sint-Jans-Molenbeek,91
Ruttger,BIRMINGHAM,30
Austin,MILFORD,82
Godiva,WAYNE,22
Kenton,CARLSBAD,5
Pierette,Gebhardshain,72
Lilyan,SAN DIEGO,95
Laureen,Linz,2
Anabella,Wien,23
Marcelia,Hagelstadt,3
Sofie,Eutin,76
Zebulon,CAÑETE DE LAS TORRES,48
Mattie,LUXEMBOURG,82
Yardley,LEWISTON,4
Alissa,OCALA,98
Britteny,MOULTRIE,32
Helge,Vilniaus m. sav. Vilniaus m.,33
Northrup,MONTROUGE,83
Silva,Bludenz,1
Edna,Bad Neuenahr-Ahrweiler,83
Orv,Ehingen (Donau),99
Sukey,WEST PALM BEACH,91
Terencio,MILANO,4
Renaldo,LOS ANGELES,71
Fidelio,STARKVILLE,69
Milli,PINE BLUFFS,54
Roderigo,Paderborn,49
Wolfgang,MIAMI,23
Ilario,TAMPA,53
Douglas,PITTSBURGH,94
Corri,MONTROUGE,97
Tyler,TUPELO,64
Katuscha,FT. LAUDERDALE,15
Olenolin,Dachau,95
Phaedra,MARIETTA,72
Thaine,Straubing,73
Prentiss,NAPERVILLE,57
Philis,SAN LEONARDO IN PASSIRIA-SANKT,27
Penny,AMARILLO,65
Con,HOLSTEIN,33
Sari,LOS ANGELES,58
Kristien,ROTTERDAM,35
Jacky,Haidershofen,39
Joellen,MEMPHIS,97
Erika,Sligo,18
Andy,LOS ANGELES,42
Dennis,CHENEY,10
Dasha,COLUMBUS,19
Toddie,DIEMEN,7
Donaugh,MARSEILLE CEDEX 6,70
Maxine,DAVID CITY,66
Sarita,LYNN,38
Jannel,FORT SMITH,79
Julie,HERMITAGE,34
Mavis,SEALY,70
Duke,PARIS,33
Giselbert,HENRICO,47
Randi,NANTERRE,65
Abba,Königswiesen,18
Vernon,HENRICO,50
Sutherland,LUXEMBOURG,1
Franny,Frankfurt am Main,31
Ginnifer,TUPELO,13
Dewain,PARIS LA DEFENSE CEDEX,18
Boote,Nürnberg,5
Darell,LOGAN,40
Alyse,MIDLAND,93
Patty,NAPERVILLE,79
Vinni,WAGONER,88
Lettie,HERMITAGE,42
Catharina,Stimpfach,6
Idelle,TUPELO,92
Charity,ALBANY,97
Averil,Ostrhauderfehn,42
Jacob,NEW BRITAIN,59
Farr,WINCHESTER,100
Pavel,Todenbüttel,89
Kelcie,Düsseldorf,27
Bret,Hermagor,5
Dorian,RICHMOND,50
Kyle,WEWOKA,57
Zandra,Paris Cedex 06,60
Cybill,LOS ANGELES,42
Adrian,PARIS,44
Myrtle,EASTON,89
Eugene,Cork,27
Jazmin,OURAY,46
Jessamyn,ALEXANDRIA,19
Umeko,Pułtusk,96
Raina,ROTTERDAM,42
Tamqrah,NEW ORLEANS,62
Jamal,MIDLAND,83
Wat,Frankfurt am Main,5
Tiffany,Eferding,45
Gerianne,Antwerpen,97
Brennan,COOK,13
Carmon,RICHMOND,62
Arlyne,PONTA  DELGADA,80
Codee,ALTEA,75
Lise,Bad Kreuznach,59
Shay,CONWAY,48
Inigo,BURLINGTON,10
Eugenie,KANSAS CITY,10
Alphard,Ramsau im Zillertal,99
Fifine,CLEVELAND,67
Mariejeanne,MISSOULA,4
Devy,HELENA,5
Natividad,Ellwangen,68
Lefty,S GRAVENHAGE,70
Ora,Sundbyberg,76
Gregorius,Soltau,71
Mile,MILANO,19
Abraham,HELSINKI,69
Babita,Neustadt a.d. Aisch,75
Veradis,BLAIRSVILLE,51
Anatollo,SANTA MARIA,85
Nickolai,MINNEAPOLIS,100
Florinda,Staßfurt,40
Cassie,CULLMAN,25
Caressa,Oldenburg (Oldb),82
Betteann,FRANKFORT,8
Currie,LAKEWOOD,40
Hoyt,GUYANCOURT,37
Amargo,Bombarral,11
Estrella,WISNER,84
Kienan,Ober-Mörlen,36
Violetta,CINCINNATI,37
Heddi,Linz,56
Lodovico,ABERNATHY,87
Aarika,COLUMBUS,24
Yetty,Neumarkt am Wallersee,68
Powell,JOHNSTON,30
Gwyneth,MARSEILLE CEDEX 6,13
Hillard,NAPERVILLE,52
Cosme,TUPELO,2
Aylmer,Wien,55
Raf,LABEGE CEDEX,5
Jobie,COLUMBUS,59
Ewart,SEYMOUR,54
Cate,SAN DIEGO,37
Craig,LOHMAN,18
Rose,Luxembourg,72
Giraldo,CLEVELAND,97
Price,Stuttgart,31
Tito,NEW ULM,26
Anselm,Longford,22
Sari,LAKEWOOD,45
Fenelia,Praha 1,83
Alika,Rzeszów,19
Georgie,VALDOSTA,99
Caspar,PARIS 09,56
Merissa,Hamburg,40
Diane-marie,Łowicz,64
Bron,ST. PAUL,62
Sybyl,MILANO,27
Joanne,LEWISTON,49
Euell,Burgthann,36
Logan,SPRINGDALE,46
Doe,BIRMINGHAM,83
Alfi,Wexford,10
Murray,Bydgoszcz,99
Kennith,HENRICO,99
Trudy,CEVA,9
Ingrim,Bezau,65
Glyn,BUCURESTI,13
Farrel,Frankenmarkt,81
Kalinda,PITTSBURGH,8
Wilmette,JACINTO CITY,21
Emera,PARIS,2
Brigitte,RICHMOND,12
Hyacinthia,TUPELO,27
Rebekah,Waterford,19
Kimbell,HEAVENER,96
Pammy,Innsbruck,37
Edita,QUITAQUE,7
Craggie,WILSON,43
Kaylyn,Hildesheim,80
Iseabal,Forst (Lausitz),52
Gaston,BIRMINGHAM,11
Wynny,MILANO,81
Renato,Dublin,83
Desmund,TORINO,42
Ertha,MILANO,59
Avivah,Ostrhauderfehn,48
Egan,ONTARIO,88
Lorenza,SIOUX FALLS,39
Tildy,Frankfurt am Main,81
Bria,TUPELO,77
Joletta,READING,98
Dottie,PITTSBURGH,10
Joelle,Wien,93
Cybill,SIOUX FALLS,76
Baillie,Grebenstein,35
Alberto,Kilkenny,30
Francyne,Warszawa,23
Vince,KANSAS CITY,21
Gayel,Antwerpen,85
Sidney,WICHITA,36
Mariann,Dublin,13
Kippie,Obersulm,20
Mavis,RICHMOND,39
Kathlin,Mautern (Stmk.),88
Tracie,LAFAYETTE,76
Hortense,WAYNE,61
Rozina,KANSAS CITY,29
Cindi,PARIS 13,86
Dari,ROCKSPRINGS,45
Rozanne,Limerick,42
Erina,LAFAYETTE,45
Abbe,Zeven,82
Emilie,MILANO,21
Jacki,RICHMOND,25
Prescott,KANSAS CITY,69
Latisha,BIRMINGHAM,20
Rosamond,Altheim,75
Ellswerth,Egg (Vbg.),20
Gerti,PARIS,94
Merilyn,Wernigerode,28
Dale,CINCINNATI,84
Wilmette,SAN DIEGO,91
Winn,LAKEWOOD,25
Philly,MILANO,32
Herve,PARIS 01,58
Garwood,HELENA,96
Katharyn,Duisburg,3
Georgi,PITTSBURGH,89
Lutero,RICHMOND,66
Mellisent,LAKEWOOD,84
Ashely,NAPERVILLE,15
Vinnie,ALBANY,17
Katrina,Athens,54
Blinnie,KANSAS CITY,56
Donaugh,BROWNWOOD,57
Bertrando,WAYNE,36
Marv,GUNTERSVILLE,59
Cally,KANSAS CITY,37
Ortensia,MILANO,88
Blinny,PARIS 08,4
Kinny,PARIS 08,33
Fergus,TORINO,41
Christi,Lisboa,27
Aymer,BIRMINGHAM,59
Magdaia,Bütthard,49
Chrissie,HERMITAGE,83
Rahel,COSTERMANO SUL GARDA,96
Adolph,Sint-Jans-Molenbeek,73
Hulda,Rheine,15
Elisa,NAPERVILLE,48
Maribeth,RICHMOND,41
Margit,SPRINGDALE,36
Sebastien,PARIS CEDEX 18,46
Nicolle,Lutherstadt Eisleben,99
Birgit,TORINO,62
Romola,CINCINNATI,42
Elbert,LYON Cedex 03,61
Gabriel,Innsbruck,96
Abran,MORGANFIELD,71
Erv,Remscheid,3
Nikolaus,MILANO,11
Della,GREENFIELD,28
Janith,Dresden,16
Lind,PALMA,33
Gale,MINNEAPOLIS,4
Janie,LUXEMBOURG,12
Tonye,LATTES CEDEX,79
Emilio,Ibbenbüren,50
Irene,KANSAS CITY,8
Elmore,NEW ORLEANS,85
Alonso,MILANO,66
Josie,MERIDIAN,33
Alexa,MILANO,41
Keeley,Budapest 11. ker.,82
Ashely,VICTOR,34
Jordan,MASON,30
Mannie,MILANO,85
Addison,PORTLAND,20
Marisa,HERMITAGE,88
Birgit,BURKE,76
Patty,DUNCAN,70
Tova,BOADILLA DEL MONTE,35
Lucas,MIAMI,89
Cammy,HELSINKI,78
Stewart,READING,30
Christi,Laois,7
Dulci,Krems an der Donau,8
Arnaldo,RICHMOND,47
Frankie,MILANO,5
Milzie,ONTARIO,13
Rani,SPOKANE,91
Sherye,CHANUTE,58
Yard,MUKWONAGO,29
Amber,PITTSFIELD,39
Wendye,TUPELO,47
Carilyn,Kirchbach-Zerlach,40
Wakefield,SAN ANTONIO,64
Oates,JASPER,85
Darrel,BROOKINGS,44
Arda,PORTLAND,89
Hastie,Galway,99
Lavena,KANSAS CITY,53
Bill,ALTON,34
Raimundo,MILANO,80
Sileas,Egg (Vbg.),40
Barnebas,NAPERVILLE,41
Albrecht,READING,51
Catina,WAYNE,97
Karna,RICHMOND,25
Vasili,LAKEWOOD,64
Natasha,NASHVILLE,22
Joli,SUGAR LAND,88
Justin,Feistritz im Rosental,33
Skelly,ST. PAUL,69
Kippie,DETROIT,99
Florinda,'S-HERTOGENBOSCH,75
Nehemiah,Melsungen,34
Robina,Hardt b Schramberg,52
Domenico,TORINO,16
Merrili,POZUELO DE ALARCON,46
Portia,TUPELO,70
Wolfie,ALBANY,77
Andrej,SEDALIA,43
Hestia,MEMPHIS,51
Margarette,PALATINE,50
Ogdon,PORTLAND,29
Clarinda,Hittisau,72
Reinwald,GREENWOOD,30
Lemmie,Rum,52
Eudora,AJACCIO CEDEX,89
Gardiner,BRANDON,18
Culley,Kaprun,22
Jarib,TAMPA,59
Dennie,BIRMINGHAM,15
Jillene,HERMITAGE,95
Corinna,MINNEAPOLIS,13
Kiah,WEATHERFORD,32
Claire,MILANO,4
Levi,PARIS,23
Merla,RICHMOND,23
Fanya,PARIS CEDEX 18,39
Reynold,HERMITAGE,63
Ricki,BUFFALO,16
Andros,HENRICO,82
Richie,DEER LODGE,72
Carolin,Warszawa,95
Corly,Wien,40
Shirlee,ST PAUL,79
Hildagarde,RICHMOND,51
Truman,Clare,72
Cherin,Sliema,87
Ingram,OKLEE,17
Amory,Gent,53
Tanya,Lienz,100
Kyrstin,Apensen,14
Jeanne,PARIS 13,23
Mattheus,Galway,57
Angil,CAEN CEDEX 14,64
Adham,STARKVILLE,70
Mona,RYE,15
Alford,DRIPPING SPRINGS,3
Thorvald,ROSEMONT,56
Camille,Hamburg,75
Kelsi,MILANO,10
Frank,Cork,94
Katinka,ALBANY,19
Dorry,DRIEBERGEN RYSENBU,42
Gillie,SIOUX FALLS,4
Lois,Toulon,29
Ludovika,OLYMPIA,64
Debor,Louth,12
Susie,KANSAS CITY,38
Dorita,Rīga,9
Dorisa,Brańsk,41
Jennette,TOULOUSE,4
Josephina,CAVALIER,41
Annalise,BIRMINGHAM,23
Jayme,ST. PAUL,45
Alisa,WILSON,92
Daryn,REGGIO NELL'EMILIA,41
Trish,Bratislava,48
Cameron,Wien,30
Hali,WILSON,39
Darin,TUPELO,76
Greggory,STAUNTON,33
Tasia,PINE BLUFF,84
Donielle,Waldshut-Tiengen,80
Standford,Hagelstadt,78
Monroe,München,10
Jilly,HICKSVILLE,43
Ransell,ABILENE,55
Celisse,Bilbao,46
Jeddy,Athens,94
Jena,MINNEAPOLIS,90
Roy,Vitis,54
Ernaline,LAKEWOOD,63
Davidde,Järna,10
Shellie,CINCINNATI,79
Sergeant,Berlin,32
Ingmar,PARIS,55
Malynda,Rīga,2
Addie,RICHMOND,29
Rosco,NAPERVILLE,69
Norina,Teisendorf,91
Joane,PHILIP,15
Rennie,Berlin,95
Ailbert,Antwerpen,14
Marisa,POYNETTE,2
Ulrikaumeko,HONDO,17
Eulalie,Aalborg,30
Gabriell,Goslar,25
Laurette,LUXEMBOURG,82
Rufe,MIAMI,92
Adoree,AMHERST,41
Kerwin,ALBANY,5
Cozmo,FRANKFORT,41
Bili,MILANO,94
Selina,ENGLEWOOD CLIFFS,13
Blayne,HENRICO,58
Gawain,CINCINNATI,30
Gaelan,Erkelenz,12
Tallou,LEWES,9
Gianina,MILANO,63
Bren,BIELLA,80
Cynthia,HELENA,71
Marc,ST GERMAIN EN LAYE CEDEX,71
Chelsy,SPOKANE,62
Patricio,MCGREGOR,24
Vivien,Eschborn,74
Lucais,MONTREUIL,88
Meggie,ROMA,3
Gerhardt,MILANO,56
Derk,GRAFTON,49
Giraud,MILANO,69
Dinnie,Gummersbach,79
Duffie,WYOMISSING,73
Gabriele,Warszawa,38
Gearalt,Friedrichshafen,49
Deeanne,RICHMOND,73
Kasper,Versmold,56
Othilia,Bilbao,65
Roanne,VERBICARO,9
Benjy,NAPERVILLE,69
Demetra,COLUMBUS,20
Johannes,TAMPA,80
Ashli,ROMA,76
Wallache,ROMA,66
Elsi,CONWAY,16
Evanne,LAVELLO,19
Ruben,HERMITAGE,1
Jakie,DIEMEN,21
Keene,EL MONTE,92
Morty,Budapest 11. ker.,30
Dietrich,MINNEAPOLIS,24
Town,Itzehoe,7
Timothy,SPOKANE,10
Cherise,CHANTILLY,65
Mendel,MARIETTA,44
Valli,SAN DIEGO,55
Brendon,COLUMBUS,15
Dev,Ochtrup,36
Claiborne,NANTERRE,6
Zach,LOS ANGELES,59
Cully,Wexford,94
Benjamin,Seekirchen am Wallersee,20
Alysa,Paris La défense Cedex,22
Kylynn,MINNEAPOLIS,37
Brandais,München,30
Ethelind,MIDDLETON,19
Alina,Kulmbach,43
Pen,NAPERVILLE,46
Humbert,EDMOND,77
Launce,RICHMOND,71
Ezri,COLUMBIA,61
Neale,SAN GIOVANNI VALDARNO,18
Corly,RICHMOND,1
Windham,MINNEAPOLIS,17
Tab,Düsseldorf,6
Talia,ROMA,47
Kendre,RICHMOND,80
Kristine,LAFAYETTE,16
Verene,NORTH MANKATO,62
Eal,ROCK PORT,68
Fred,LEZZENO,96
Mohammed,Tallinn,45
Mercy,RALEIGH,36
Phelia,TUPELO,13
Welbie,HEMPHILL,91
Clevie,CINCINNATI,73
Kasey,Bocholt,37
Paige,N. CHAS,1
Norean,Marktredwitz,25
Marion,Antwerpen,83
Pollyanna,ROSEMONT,37
Aldo,MINNEAPOLIS,43
Ravi,PARIS 15,43
Agna,RICHMOND,41
Rorie,ROMA,10
Ruy,MONACO CEDEX,77
Pat,SYRACUSE,6
Sharyl,Neuss,57
Hedda,Aspang,40
Nell,BIRMINGHAM,45
Hillard,PUTEAUX,32
Norri,Freiburg im Breisgau,85
Loleta,Marburg,32
Imogene,PARIS 13,87
Ronnica,Sofia,7
Hattie,Łapy,34
Tailor,CHICAGO,12
Maximilian,MILANO,35
Zonnya,Reutte,67
Gery,GREENSBURG,63
Felisha,Rostock,75
Suzette,MARIETTA,89
Bax,PINE BLUFF,54
Garland,LUXEMBOURG,28
Sib,Antwerpen,20
Aliza,Kildare,1
Winnie,MILANO,74
Ashlen,MIDLAND,93
Dacey,CAMPOBASSO,15
Sally,Frankfurt am Main,86
Gunar,Dortmund,25
Adelice,LONGVIEW,67
Laverne,MINNEAPOLIS,10
Hestia,MILANO,90
Morgen,Cork,63
Jessika,Wien,74
Hayyim,WORTHINGTON,81
Catlin,MILANO,37
Monti,ROMA,66
Freida,CINCINNATI,57
Alysa,Stimpfach,35
Sunny,REYNOLDSVILLE,9
Renaldo,COLUMBUS,47
Kaylyn,Rīga,59
Kippy,Schönecken,67
Ronny,ROMA,92
Verena,Dublin,92
Randolf,MILANO,22
Ira,AMSTERDAM,79
Talia,CINCINNATI,82
Mar,COLUMBUS,4
Alexis,CHAMPAIGN,19
Robbin,FORREST,50
Dominic,ANSLEY,57
Cati,LYON Cedex 03,76
Cyndia,SABADELL,23
Drugi,Oberneukirchen,42
Toma,LAKEWOOD,86
Brewster,ALBANY,96
Catharine,Louth,38
Merl,THOMASVILLE,47
Anderea,Gaimersheim,59
Philis,HILLSBORO,81
Moore,NAPERVILLE,98
Quintilla,KANSAS CITY,53
Wyn,BYRON,55
Thorndike,CULLMAN,13
Wilma,Rīga,78
Bart,TUPELO,54
Lindsey,Wies (Stmk.),39
Karla,Wien,79
Bessy,LAKEWOOD,6
Marylynne,MARIETTA,23
Gaultiero,Hamburg,30
Clemence,SIOUX FALLS,56
Dareen,ENGLEWOOD CLIFFS,39
Retha,PARIS 08,89
Selinda,MONTEBELLO,41
Neall,Svendborg,32
Kirk,WILMINGTON,57
Ravid,Ödåkra,14
Alissa,FRANKFORT,37
Myrah,ST PAUL,35
Aguste,Westmeath,96
Alisander,WAYNE,6
Jori,TULSA,88
Oby,KINGFISHER,81
Adel,Dublin,71
Keefer,MISSOULA,7
Arlena,LUXEMBOURG,31
Ailee,MIDLAND,40
Evangelin,FAIRFAX,68
Keenan,Wien,47
Nicole,St. Marein im Mürztal,2
Pegeen,ATLANTA,3
Dag,LONGVIEW,11
Foster,Kiel,18
Serena,Aspach im Innkreis,80
Roman,SAN ANGELO,78
Elden,HERMITAGE,66
Myles,COLDWATER,10
Michell,READING,44
Parry,HONDO,89
Cross,Kranj,69
Emalia,Antwerpen,77
Morna,MINNEAPOLIS,50
Wallache,ROMA,82
Hermann,WATHENA,65
Lorita,RICHMOND,69
Bennie,MILANO,62
Alvin,ROTTERDAM,82
Torrie,ROMA,16
Julius,SYRACUSE,55
Quint,OKEENE,67
Brig,RYE,90
Laverna,TUPELO,76
Corina,HARRISON,6
Ebonee,KANSAS CITY,32
Domenic,Deutschkreutz,54
Pavlov,CONWAY,71
Mord,PITTSBURGH,40
Lydia,NEW CASTLE,5
Mitchael,KANSAS CITY,13
Lexi,Haselünne,93
Catrina,LAS ANIMAS,39
Freida,CIVITANOVA MARCHE,45
Allsun,NANTERRE,86
Steffane,MILANO,75
Carling,NEW CASTLE,97
Bili,READING,4
Cami,BLAIRSVILLE,78
Donavon,WILSON,10
Rosemary,ST. PAUL,67
Rosalinda,SANDERSVILLE,98
Saunder,Linz,18
Lonni,RICHMOND,52
Carly,ROCKPORT,64